{"cameraMode":{"drawMode":0,"name":"Shaded","section":"Shading Mode"},"sceneLighting":true,"audioPlay":false,"sceneViewState":{"m_AlwaysRefresh":false,"showFog":true,"showSkybox":true,"showFlares":true,"showImageEffects":true,"showParticleSystems":true,"showVisualEffectGraphs":true,"m_FxEnabled":true},"in2DMode":false,"pivot":{"x":3.0999999046325685,"y":24.270648956298829,"z":-170.4600067138672},"rotation":{"x":-0.18080663681030274,"y":0.007094814442098141,"z":-0.0012967847287654877,"w":-0.9835045337677002},"size":9.29798698425293,"orthographic":false}